{"stats":{"minecraft:broken":{"minecraft:wooden_shovel":1,"minecraft:wooden_pickaxe":2,"minecraft:wooden_axe":2},"minecraft:mined":{"minecraft:deepslate_diamond_ore":2,"minecraft:grass_block":5,"minecraft:spruce_leaves":8,"minecraft:large_fern":2,"minecraft:furnace":8,"minecraft:iron_ore":50,"minecraft:andesite":1,"minecraft:pumpkin":2,"minecraft:deepslate_lapis_ore":3,"minecraft:azure_bluet":1,"minecraft:deepslate_iron_ore":17,"minecraft:stone":132,"minecraft:white_wool":2,"minecraft:podzol":2,"minecraft:brown_mushroom":2,"minecraft:red_bed":4,"minecraft:smoker":4,"minecraft:crafting_table":27,"minecraft:cornflower":1,"minecraft:torch":3,"minecraft:short_grass":32,"minecraft:poppy":5,"minecraft:dead_bush":1,"minecraft:tall_grass":5,"minecraft:lapis_ore":2,"minecraft:sugar_cane":33,"minecraft:oak_planks":2,"minecraft:seagrass":1,"minecraft:coarse_dirt":4,"minecraft:sweet_berry_bush":29,"minecraft:spruce_log":18,"minecraft:birch_leaves":2,"minecraft:oak_log":160,"minecraft:coal_ore":137,"minecraft:sand":127,"minecraft:dirt":15,"minecraft:oak_leaves":48,"minecraft:deepslate":1,"minecraft:fern":7},"minecraft:killed_by":{"minecraft:player":1,"minecraft:spider":1,"minecraft:drowned":1,"minecraft:skeleton":4,"minecraft:zombie":3},"minecraft:custom":{"minecraft:mob_kills":98,"minecraft:interact_with_crafting_table":63,"minecraft:leave_game":7,"minecraft:time_since_death":4729,"minecraft:sprint_one_cm":715420,"minecraft:walk_one_cm":709607,"minecraft:damage_blocked_by_shield":2325,"minecraft:drop":13,"minecraft:play_time":252361,"minecraft:deaths":10,"minecraft:sneak_time":6984,"minecraft:walk_under_water_one_cm":62139,"minecraft:boat_one_cm":950999,"minecraft:jump":3329,"minecraft:walk_on_water_one_cm":80251,"minecraft:total_world_time":252361,"minecraft:interact_with_furnace":49,"minecraft:sleep_in_bed":8,"minecraft:time_since_rest":5005,"minecraft:damage_taken":6554,"minecraft:damage_dealt":13323,"minecraft:swim_one_cm":153128,"minecraft:fly_one_cm":587059,"minecraft:open_chest":7,"minecraft:crouch_one_cm":14653,"minecraft:fish_caught":4,"minecraft:interact_with_smoker":33,"minecraft:fall_one_cm":81328,"minecraft:horse_one_cm":1848},"minecraft:used":{"minecraft:stone_sword":260,"minecraft:shield":81,"minecraft:cooked_salmon":7,"minecraft:wooden_shovel":59,"minecraft:cooked_chicken":4,"minecraft:iron_chestplate":1,"minecraft:torch":93,"minecraft:dirt":83,"minecraft:azure_bluet":1,"minecraft:spruce_boat":1,"minecraft:wooden_axe":141,"minecraft:iron_helmet":1,"minecraft:iron_boots":1,"minecraft:sweet_berries":52,"minecraft:oak_sapling":2,"minecraft:furnace":9,"minecraft:egg":2,"minecraft:cooked_beef":13,"minecraft:cooked_mutton":5,"minecraft:water_bucket":7,"minecraft:stone_pickaxe":174,"minecraft:oak_planks":2,"minecraft:wooden_pickaxe":172,"minecraft:white_wool":2,"minecraft:sand":2,"minecraft:crafting_table":31,"minecraft:red_bed":5,"minecraft:smoker":7,"minecraft:apple":2,"minecraft:iron_pickaxe":14,"minecraft:suspicious_stew":1,"minecraft:stone_axe":138,"minecraft:fishing_rod":4,"minecraft:wooden_sword":10,"minecraft:cooked_porkchop":19,"minecraft:cooked_rabbit":1,"minecraft:andesite":1,"minecraft:bucket":8,"minecraft:oak_boat":11,"minecraft:coarse_dirt":5},"minecraft:dropped":{"minecraft:porkchop":6,"minecraft:wheat_seeds":1,"minecraft:birch_log":3,"minecraft:bone":2,"minecraft:charcoal":7,"minecraft:egg":1},"minecraft:crafted":{"minecraft:wooden_sword":1,"minecraft:oak_planks":240,"minecraft:fishing_rod":1,"minecraft:cooked_chicken":4,"minecraft:furnace":6,"minecraft:cooked_mutton":5,"minecraft:iron_boots":1,"minecraft:stone_pickaxe":4,"minecraft:spruce_boat":1,"minecraft:cooked_rabbit":1,"minecraft:smoker":4,"minecraft:cooked_beef":26,"minecraft:red_dye":5,"minecraft:wooden_shovel":1,"minecraft:cooked_porkchop":20,"minecraft:crafting_table":7,"minecraft:spruce_planks":12,"minecraft:wooden_pickaxe":5,"minecraft:iron_helmet":2,"minecraft:red_bed":3,"minecraft:cooked_salmon":7,"minecraft:bucket":1,"minecraft:stone_axe":3,"minecraft:air":0,"minecraft:oak_boat":5,"minecraft:iron_chestplate":1,"minecraft:charcoal":8,"minecraft:shield":3,"minecraft:stick":76,"minecraft:iron_ingot":59,"minecraft:iron_pickaxe":1,"minecraft:wooden_axe":4,"minecraft:stone_sword":4,"minecraft:iron_leggings":1,"minecraft:white_bed":3,"minecraft:torch":104,"minecraft:shears":1},"minecraft:picked_up":{"minecraft:fishing_rod":1,"minecraft:iron_chestplate":1,"minecraft:crafting_table":28,"minecraft:coarse_dirt":5,"minecraft:azure_bluet":1,"minecraft:chicken":7,"minecraft:brown_mushroom":1,"minecraft:wooden_pickaxe":2,"minecraft:shield":1,"minecraft:cornflower":1,"minecraft:string":13,"minecraft:red_bed":4,"minecraft:raw_copper":2,"minecraft:cooked_salmon":6,"minecraft:wooden_sword":1,"minecraft:iron_leggings":1,"minecraft:cobbled_deepslate":1,"minecraft:beef":29,"minecraft:oak_boat":10,"minecraft:poppy":6,"minecraft:sugar_cane":110,"minecraft:birch_sapling":2,"minecraft:iron_boots":1,"minecraft:furnace":8,"minecraft:egg":3,"minecraft:stick":41,"minecraft:raw_iron":81,"minecraft:torch":17,"minecraft:porkchop":43,"minecraft:stone_sword":2,"minecraft:arrow":10,"minecraft:rotten_flesh":23,"minecraft:shears":1,"minecraft:mutton":14,"minecraft:cod":4,"minecraft:cobblestone":159,"minecraft:white_wool":17,"minecraft:birch_log":5,"minecraft:feather":4,"minecraft:cooked_beef":1,"minecraft:water_bucket":1,"minecraft:andesite":1,"minecraft:salmon":8,"minecraft:leather":12,"minecraft:smoker":4,"minecraft:potato":1,"minecraft:oak_log":217,"minecraft:dirt":84,"minecraft:lapis_lazuli":36,"minecraft:bone":12,"minecraft:apple":2,"minecraft:wheat_seeds":4,"minecraft:rabbit_hide":2,"minecraft:iron_ingot":14,"minecraft:cooked_chicken":1,"minecraft:stone_pickaxe":2,"minecraft:rabbit":1,"minecraft:oak_planks":9,"minecraft:cooked_porkchop":2,"minecraft:pumpkin":3,"minecraft:sweet_berries":52,"minecraft:sand":126,"minecraft:spruce_sapling":8,"minecraft:spruce_log":27,"minecraft:spider_eye":3,"minecraft:diamond":4,"minecraft:spruce_boat":1,"minecraft:stone_axe":2,"minecraft:iron_helmet":1,"minecraft:bone_meal":1,"minecraft:oak_sapling":40,"minecraft:coal":220},"minecraft:killed":{"minecraft:spider":11,"minecraft:skeleton":4,"minecraft:chicken":7,"minecraft:drowned":2,"minecraft:pig":21,"minecraft:zombie_villager":1,"minecraft:salmon":8,"minecraft:rabbit":1,"minecraft:creeper":2,"minecraft:sheep":10,"minecraft:zombie":16,"minecraft:cow":14}},"DataVersion":3953}