{"stats":{"minecraft:broken":{"minecraft:stone_pickaxe":8,"minecraft:stone_axe":1},"minecraft:mined":{"minecraft:dark_oak_planks":8,"minecraft:spruce_planks":10,"minecraft:white_bed":2,"minecraft:dandelion":1,"minecraft:crafting_table":11,"minecraft:short_grass":17,"minecraft:emerald_ore":1,"minecraft:grass_block":132,"minecraft:copper_ore":3,"minecraft:tall_grass":8,"minecraft:cobblestone":58,"minecraft:diorite":2,"minecraft:sandstone":3,"minecraft:wall_torch":2,"minecraft:large_fern":2,"minecraft:furnace":2,"minecraft:iron_ore":72,"minecraft:sweet_berry_bush":66,"minecraft:spruce_log":5,"minecraft:birch_leaves":1,"minecraft:andesite":18,"minecraft:gold_block":1,"minecraft:dark_oak_stairs":3,"minecraft:coal_ore":261,"minecraft:oak_log":6,"minecraft:gravel":1,"minecraft:sand":2,"minecraft:dirt":107,"minecraft:stone":766,"minecraft:oak_leaves":5,"minecraft:fern":2},"minecraft:killed_by":{"minecraft:skeleton":3,"minecraft:zombie":3},"minecraft:custom":{"minecraft:interact_with_furnace":52,"minecraft:mob_kills":93,"minecraft:interact_with_crafting_table":31,"minecraft:leave_game":13,"minecraft:time_since_death":9229,"minecraft:sleep_in_bed":2,"minecraft:time_since_rest":3762,"minecraft:sprint_one_cm":486538,"minecraft:damage_taken":4526,"minecraft:walk_one_cm":1034991,"minecraft:drop":18,"minecraft:damage_dealt":12366,"minecraft:swim_one_cm":91543,"minecraft:fly_one_cm":464206,"minecraft:open_chest":34,"minecraft:play_time":239981,"minecraft:crouch_one_cm":6742,"minecraft:deaths":6,"minecraft:sneak_time":3470,"minecraft:walk_under_water_one_cm":11567,"minecraft:jump":3931,"minecraft:walk_on_water_one_cm":33809,"minecraft:total_world_time":239981,"minecraft:fall_one_cm":66953,"minecraft:horse_one_cm":3593},"minecraft:used":{"minecraft:cooked_mutton":22,"minecraft:water_bucket":2,"minecraft:spruce_door":1,"minecraft:stone_pickaxe":1144,"minecraft:stone_shovel":87,"minecraft:sandstone":3,"minecraft:chest":2,"minecraft:wooden_pickaxe":48,"minecraft:iron_sword":81,"minecraft:cooked_chicken":2,"minecraft:torch":142,"minecraft:dirt":53,"minecraft:sand":1,"minecraft:crafting_table":13,"minecraft:white_bed":3,"minecraft:salmon_bucket":1,"minecraft:spruce_log":2,"minecraft:iron_pickaxe":2,"minecraft:cobblestone":225,"minecraft:stone_axe":114,"minecraft:golden_sword":65,"minecraft:sweet_berries":156,"minecraft:furnace":3,"minecraft:bucket":4,"minecraft:egg":2,"minecraft:cooked_beef":1,"minecraft:dandelion":1},"minecraft:dropped":{"minecraft:wheat_seeds":3,"minecraft:feather":4,"minecraft:rotten_flesh":5,"minecraft:white_bed":1,"minecraft:salmon":1,"minecraft:gunpowder":2,"minecraft:peony":10,"minecraft:mutton":1,"minecraft:pink_wool":1,"minecraft:spider_eye":1,"minecraft:bow":1,"minecraft:arrow":2,"minecraft:string":2,"minecraft:dandelion":2},"minecraft:crafted":{"minecraft:oak_planks":24,"minecraft:stone_shovel":1,"minecraft:cooked_porkchop":46,"minecraft:crafting_table":2,"minecraft:spruce_planks":12,"minecraft:cooked_chicken":1,"minecraft:wooden_pickaxe":1,"minecraft:iron_helmet":2,"minecraft:iron_sword":2,"minecraft:furnace":1,"minecraft:bucket":2,"minecraft:stone_axe":3,"minecraft:cooked_mutton":25,"minecraft:air":0,"minecraft:iron_boots":2,"minecraft:iron_chestplate":2,"minecraft:shield":1,"minecraft:stick":88,"minecraft:iron_ingot":72,"minecraft:iron_pickaxe":2,"minecraft:stone_pickaxe":12,"minecraft:chest":2,"minecraft:iron_leggings":2,"minecraft:white_bed":1,"minecraft:torch":228},"minecraft:picked_up":{"minecraft:crafting_table":16,"minecraft:feather":4,"minecraft:chicken":2,"minecraft:andesite":34,"minecraft:salmon":1,"minecraft:leather":20,"minecraft:wooden_pickaxe":3,"minecraft:pink_wool":3,"minecraft:birch_planks":311,"minecraft:gold_block":3,"minecraft:oak_log":6,"minecraft:golden_sword":6,"minecraft:gunpowder":2,"minecraft:string":2,"minecraft:dirt":359,"minecraft:raw_copper":24,"minecraft:bone":9,"minecraft:bow":1,"minecraft:wheat_seeds":4,"minecraft:spruce_planks":10,"minecraft:iron_ingot":6,"minecraft:beef":28,"minecraft:stone_pickaxe":3,"minecraft:iron_nugget":28,"minecraft:iron_pickaxe":3,"minecraft:oak_planks":27,"minecraft:dark_oak_stairs":3,"minecraft:furnace":3,"minecraft:egg":8,"minecraft:raw_iron":82,"minecraft:stick":45,"minecraft:sandstone":3,"minecraft:sweet_berries":414,"minecraft:torch":34,"minecraft:dandelion":5,"minecraft:gravel":1,"minecraft:porkchop":136,"minecraft:sand":2,"minecraft:white_bed":3,"minecraft:spruce_log":5,"minecraft:diorite":2,"minecraft:golden_chestplate":3,"minecraft:spider_eye":3,"minecraft:spruce_door":1,"minecraft:dark_oak_planks":8,"minecraft:arrow":10,"minecraft:rotten_flesh":10,"minecraft:stone_axe":3,"minecraft:golden_hoe":2,"minecraft:peony":10,"minecraft:emerald":4,"minecraft:mutton":59,"minecraft:coal":332,"minecraft:white_wool":26,"minecraft:cobblestone":1950,"minecraft:ender_pearl":1},"minecraft:killed":{"minecraft:pig":39,"minecraft:spider":3,"minecraft:bat":1,"minecraft:creeper":2,"minecraft:sheep":16,"minecraft:skeleton":8,"minecraft:zombie":14,"minecraft:chicken":2,"minecraft:cow":4,"minecraft:enderman":3}},"DataVersion":3953}